mood,video_type,user_feedback
Anger,action,
Sadness,drama,
Excitement,adventure,
Love,romance,
Surprise,mystery,
Anger,thriller,
Boredom,indie,
Sadness,romance,
Sadness,drama,
Fear,thriller,
Sadness,romance,
Happiness,comedy,
Happiness,comedy,
Happiness,animation,
Anger,action,
Anxiety,mystery,
Love,drama,
Fear,thriller,
Excitement,action,
Fear,thriller,
Happiness,animation,
Excitement,sci-fi,
Fear,thriller,
Sadness,drama,
Excitement,sci-fi,
Happiness,comedy,
Excitement,sci-fi,
Happiness,comedy,
Fear,thriller,
Sadness,drama,
Calmness,nature,
Anger,thriller,
Fear,horror,
Boredom,slice of life,
Happiness,romance,
Happiness,romance,
Boredom,slice of life,
Fear,horror,
Happiness,comedy,
Sadness,romance,
Anger,action,
Surprise,thriller,
Happiness,romance,
Anger,thriller,
Surprise,mystery,
Love,comedy,
Happiness,romance,
Boredom,slice of life,
Fear,thriller,
Boredom,indie,
Calmness,nature,
Sadness,drama,
Boredom,indie,
Fear,horror,
Boredom,indie,
Calmness,relaxation,
Love,drama,
Anxiety,mystery,
Surprise,thriller,
Love,romance,
Sadness,drama,
Boredom,slice of life,
Love,drama,
Surprise,mystery,
Surprise,sci-fi,
Happiness,romance,
Happiness,comedy,
Sadness,drama,
Excitement,adventure,
Calmness,nature,
Calmness,relaxation,
Boredom,slice of life,
Happiness,comedy,
Excitement,action,
Calmness,nature,
Sadness,drama,
Anger,thriller,
Calmness,relaxation,
Anger,thriller,
Calmness,relaxation,
Anger,thriller,
Anger,action,
Calmness,nature,
Anxiety,psychological,
Happiness,comedy,
Excitement,action,
Boredom,indie,
Sadness,drama,
Anxiety,mystery,
Sadness,documentary,
Calmness,nature,
Love,romance,
Love,drama,
Fear,thriller,
Surprise,sci-fi,
Fear,horror,
Calmness,nature,
Calmness,nature,
Calmness,nature,
Excitement,action,
Fear,thriller,
Love,romance,
Fear,thriller,
Anxiety,mystery,
Happiness,animation,
Love,romance,
Calmness,relaxation,
Calmness,relaxation,
Calmness,relaxation,
Happiness,comedy,
Excitement,adventure,
Excitement,adventure,
Sadness,romance,
Anxiety,suspense,
Anger,action,
Boredom,slice of life,
Anxiety,psychological,
Happiness,comedy,
Fear,thriller,
Fear,thriller,
Anxiety,psychological,
Calmness,relaxation,
Anxiety,mystery,
Anxiety,suspense,
Anxiety,suspense,
Boredom,indie,
Excitement,adventure,
Anger,thriller,
Anger,thriller,
Anger,thriller,
Excitement,action,
Happiness,animation,
Excitement,action,
Love,romance,
Happiness,romance,
Happiness,comedy,
Excitement,action,
Excitement,action,
Calmness,relaxation,
Calmness,relaxation,
Calmness,relaxation,
Excitement,action,
Excitement,adventure,
Anxiety,suspense,
Calmness,nature,
Happiness,romance,
Anger,thriller,
Sadness,romance,
Happiness,comedy,
Sadness,romance,
Anger,thriller,
Fear,horror,
Sadness,documentary,
Anger,thriller,
Anger,thriller,
Fear,thriller,
Love,romance,
Sadness,drama,
Happiness,animation,
Boredom,indie,
Anger,thriller,
Happiness,comedy,
Excitement,action,
Boredom,indie,
Happiness,comedy,
Happiness,comedy,
Anger,thriller,
Surprise,thriller,
Excitement,action,
Sadness,documentary,
Sadness,drama,
Anxiety,psychological,
Happiness,comedy,
Excitement,adventure,
Happiness,comedy,
Calmness,nature,
Calmness,relaxation,
Excitement,action,
Fear,horror,
Fear,thriller,
Boredom,slice of life,
Anxiety,mystery,
Anger,thriller,
Fear,horror,
Calmness,nature,
Happiness,animation,
Calmness,nature,
Excitement,sci-fi,
Excitement,action,
Sadness,documentary,
Love,drama,
Fear,horror,
Sadness,drama,
Anger,thriller,
Fear,thriller,
Happiness,romance,
Excitement,adventure,
Sadness,documentary,
Calmness,nature,
Calmness,nature,
Happiness,comedy,
Sadness,documentary,
Anger,thriller,
Surprise,sci-fi,
Love,comedy,
Excitement,adventure,
Calmness,nature,
Sadness,romance,
Happiness,comedy,
Sadness,drama,
Sadness,drama,
Calmness,relaxation,
Anger,thriller,
Fear,thriller,
Sadness,romance,
Love,romance,
Calmness,nature,
Happiness,comedy,
Excitement,action,
Love,romance,
Excitement,action,
Boredom,slice of life,
Love,romance,
Love,drama,
Anxiety,mystery,
Happiness,comedy,
Excitement,sci-fi,
Anxiety,suspense,
Love,romance,
Fear,horror,
Anxiety,psychological,
Excitement,action,
Anger,thriller,
Happiness,comedy,
Excitement,action,
Boredom,slice of life,
Calmness,nature,
Boredom,slice of life,
Love,romance,
Excitement,action,
Love,romance,
Happiness,animation,
Calmness,relaxation,
Sadness,drama,
Fear,horror,
Anger,thriller,
Happiness,comedy,
Calmness,nature,
Happiness,comedy,
Anger,action,
Fear,thriller,
Calmness,relaxation,
Happiness,comedy,
Surprise,thriller,
Anxiety,suspense,
Sadness,drama,
Boredom,slice of life,
Anxiety,mystery,
Happiness,animation,
Anger,thriller,
Sadness,romance,
Anxiety,suspense,
Happiness,romance,
Happiness,comedy,
Anger,thriller,
Anxiety,mystery,
Happiness,animation,
Sadness,romance,
Sadness,drama,
Anger,thriller,
Sadness,drama,
Surprise,thriller,
Happiness,animation,
Anger,action,
Love,romance,
Happiness,animation,
Happiness,comedy,
Sadness,drama,
Fear,thriller,
Fear,thriller,
Happiness,comedy,
Boredom,slice of life,
Surprise,thriller,
Boredom,slice of life,
Sadness,documentary,
Fear,thriller,
Sadness,romance,
Anger,thriller,
Excitement,sci-fi,
Calmness,nature,
Happiness,comedy,
Excitement,sci-fi,
Surprise,thriller,
Sadness,documentary,
Happiness,romance,
Happiness,comedy,
Happiness,comedy,
Happiness,comedy,
Excitement,adventure,
Sadness,documentary,
Happiness,comedy,
Anger,thriller,
Excitement,sci-fi,
Happiness,comedy,
Sadness,drama,
Anger,action,
Fear,thriller,
Sadness,romance,
Excitement,adventure,
Anxiety,suspense,
Happiness,romance,
Calmness,nature,
Happiness,comedy,
Calmness,nature,
Sadness,drama,
Surprise,sci-fi,
Surprise,mystery,
Happiness,comedy,
Sadness,romance,
Happiness,animation,
Sadness,drama,
Anger,thriller,
Calmness,relaxation,
Anxiety,psychological,
Happiness,romance,
Anxiety,suspense,
Calmness,nature,
Fear,thriller,
Anger,thriller,
Love,romance,
Anger,thriller,
Anger,thriller,
Anxiety,mystery,
Anxiety,suspense,
Anxiety,mystery,
Excitement,action,
Boredom,slice of life,
Calmness,nature,
Anxiety,suspense,
Excitement,adventure,
Happiness,animation,
Sadness,drama,
Sadness,drama,
Calmness,nature,
Happiness,romance,
Surprise,thriller,
Sadness,drama,
Fear,horror,
Love,drama,
Surprise,mystery,
Anger,thriller,
Calmness,relaxation,
Calmness,relaxation,
Love,romance,
Anger,thriller,
Love,drama,
Fear,thriller,
Anxiety,suspense,
Happiness,comedy,
Surprise,thriller,
Fear,thriller,
Surprise,mystery,
Calmness,nature,
Love,romance,
Sadness,drama,
Boredom,slice of life,
Anger,thriller,
Anxiety,mystery,
Happiness,romance,
Sadness,romance,
Calmness,relaxation,
Happiness,comedy,
Happiness,animation,
Love,romance,
Sadness,romance,
Anxiety,psychological,
Calmness,nature,
Fear,thriller,
Happiness,comedy,
Excitement,action,
Excitement,action,
Happiness,comedy,
Excitement,adventure,
Happiness,comedy,
Anger,thriller,
Love,romance,
Boredom,slice of life,
Sadness,romance,
Anxiety,suspense,
Excitement,action,
Sadness,drama,
Anxiety,suspense,
Anger,thriller,
Calmness,relaxation,
Calmness,nature,
Calmness,relaxation,
Excitement,action,
Happiness,animation,
Happiness,comedy,
Happiness,comedy,
Love,drama,
Happiness,comedy,
Sadness,romance,
Happiness,romance,
Happiness,comedy,
Calmness,relaxation,
Calmness,nature,
Excitement,action,
Happiness,comedy,
Boredom,slice of life,
Boredom,slice of life,
Love,drama,
Calmness,nature,
Happiness,romance,
Boredom,indie,
Anger,action,
Calmness,relaxation,
Sadness,romance,
Fear,thriller,
Fear,horror,
Happiness,comedy,
Anxiety,suspense,
Surprise,mystery,
Happiness,romance,
Happiness,comedy,
Anger,thriller,
Anxiety,psychological,
Boredom,slice of life,
Love,drama,
Sadness,drama,
Anger,thriller,
Love,romance,
Anger,thriller,
Sadness,drama,
Anger,thriller,
Surprise,mystery,
Boredom,slice of life,
Sadness,drama,
Calmness,relaxation,
Surprise,mystery,
Anxiety,suspense,
Anxiety,mystery,
Happiness,comedy,
Happiness,animation,
Surprise,thriller,
Boredom,slice of life,
Fear,thriller,
Anger,thriller,
Calmness,nature,
Calmness,nature,
Fear,thriller,
Sadness,drama,
Anxiety,suspense,
Excitement,adventure,
Happiness,romance,
Surprise,thriller,
Boredom,slice of life,
Excitement,action,
Calmness,nature,
Calmness,nature,
Fear,thriller,
Anxiety,suspense,
Anger,action,
Happiness,comedy,
Happiness,comedy,
Calmness,nature,
Calmness,nature,
Anger,thriller,
Anger,thriller,
Anger,thriller,
Excitement,sci-fi,
Happiness,comedy,
Calmness,relaxation,
Fear,thriller,
Happiness,comedy,
Anger,thriller,
Happiness,animation,
Sadness,drama,
Fear,thriller,
Anger,thriller,
Boredom,indie,
Love,drama,
Sadness,documentary,
Sadness,drama,
Anxiety,mystery,
Sadness,documentary,
Calmness,nature,
Anger,action,
Happiness,comedy,
Happiness,comedy,
Fear,horror,
Anger,thriller,
Anger,thriller,
Anger,action,
Sadness,romance,
Anxiety,suspense,
Boredom,indie,
Anxiety,suspense,
Happiness,animation,
Sadness,romance,
Excitement,action,
Happiness,comedy,
Anger,thriller,
Excitement,sci-fi,
Calmness,relaxation,
Anxiety,suspense,
Fear,thriller,
Excitement,action,
Sadness,drama,
Surprise,thriller,
Happiness,comedy,
Anger,action,
Love,romance,
Anger,thriller,
Anger,thriller,
Surprise,thriller,
Fear,thriller,
Anger,action,
Surprise,mystery,
Boredom,slice of life,
Happiness,comedy,
Fear,horror,
Sadness,drama,
Anger,thriller,
Happiness,romance,
Surprise,thriller,
Sadness,romance,
Anger,thriller,
Fear,thriller,
Excitement,action,
Happiness,animation,
Happiness,comedy,
Anxiety,suspense,
Love,romance,
Calmness,nature,
Fear,thriller,
Fear,thriller,
Boredom,indie,
Excitement,sci-fi,
Love,romance,
Excitement,action,
Excitement,sci-fi,
Surprise,sci-fi,
Happiness,romance,
Anger,action,
Anger,thriller,
Fear,horror,
Happiness,romance,
Calmness,nature,
Boredom,slice of life,
Anger,thriller,
Anger,action,
Fear,thriller,
Boredom,indie,
Love,comedy,
Anxiety,mystery,
Boredom,slice of life,
Sadness,drama,
Excitement,adventure,
Happiness,romance,
Excitement,action,
Happiness,comedy,
Anger,action,
Anger,thriller,
Happiness,comedy,
Anxiety,suspense,
Sadness,drama,
Fear,horror,
Anger,thriller,
Sadness,drama,
Calmness,relaxation,
Sadness,romance,
Love,romance,
Sadness,drama,
Love,romance,
Anger,thriller,
Anxiety,mystery,
Fear,thriller,
Calmness,relaxation,
Happiness,romance,
Anger,action,
Boredom,indie,
Fear,thriller,
Happiness,comedy,
Excitement,action,
Happiness,animation,
Sadness,documentary,
Excitement,adventure,
Fear,thriller,
Calmness,relaxation,
Boredom,indie,
Anger,action,
Sadness,drama,
Happiness,comedy,
Anger,thriller,
Calmness,relaxation,
Love,drama,
Calmness,relaxation,
Sadness,drama,
Calmness,nature,
Anger,thriller,
Happiness,animation,
Love,romance,
Anxiety,mystery,
Love,drama,
Happiness,comedy,
Happiness,animation,
Anger,action,
Sadness,drama,
Anger,action,
Calmness,relaxation,
Anxiety,suspense,
Fear,thriller,
Sadness,romance,
Sadness,drama,
Anger,thriller,
Love,romance,
Anger,action,
Happiness,animation,
Sadness,drama,
Boredom,slice of life,
Happiness,comedy,
Happiness,romance,
Sadness,documentary,
Anxiety,psychological,
Anger,action,
Anxiety,suspense,
Happiness,comedy,
Sadness,drama,
Excitement,action,
Anger,thriller,
Surprise,mystery,
Anger,thriller,
Happiness,comedy,
Love,romance,
Excitement,adventure,
Excitement,action,
Anxiety,psychological,
Calmness,nature,
Happiness,comedy,
Sadness,drama,
Anger,action,
Sadness,drama,
Happiness,comedy,
Happiness,comedy,
Boredom,slice of life,
Excitement,adventure,
Surprise,thriller,
Anger,thriller,
Excitement,action,
Sadness,documentary,
Happiness,animation,
Calmness,nature,
Happiness,comedy,
Anxiety,suspense,
Happiness,comedy,
Calmness,relaxation,
Excitement,action,
Happiness,comedy,
Fear,thriller,
Anxiety,suspense,
Happiness,comedy,
Calmness,nature,
Anxiety,suspense,
Calmness,nature,
Sadness,drama,
Sadness,drama,
Anxiety,suspense,
Anger,thriller,
Love,romance,
Anger,thriller,
Anger,thriller,
Sadness,documentary,
Happiness,animation,
Happiness,comedy,
Calmness,relaxation,
Sadness,drama,
Sadness,romance,
Sadness,drama,
Excitement,action,
Happiness,romance,
Calmness,nature,
Anger,thriller,
Happiness,comedy,
Love,romance,
Calmness,nature,
Happiness,comedy,
Anger,thriller,
Calmness,relaxation,
Anger,thriller,
Excitement,action,
Excitement,action,
Sadness,romance,
Anger,action,
Fear,thriller,
Fear,thriller,
Calmness,relaxation,
Anger,action,
Calmness,nature,
Excitement,action,
Sadness,romance,
Excitement,sci-fi,
Excitement,adventure,
Love,romance,
Calmness,nature,
Calmness,nature,
Love,romance,
Surprise,sci-fi,
Anger,thriller,
Anxiety,suspense,
Fear,thriller,
Anger,thriller,
Anger,thriller,
Fear,horror,
Excitement,sci-fi,
Calmness,nature,
Anxiety,suspense,
Sadness,documentary,
Excitement,adventure,
Anxiety,suspense,
Fear,horror,
Anxiety,suspense,
Excitement,action,
Anxiety,suspense,
Fear,thriller,
Sadness,drama,
Calmness,relaxation,
Anger,thriller,
Happiness,comedy,
Anger,action,
Anxiety,suspense,
Surprise,mystery,
Love,romance,
Fear,horror,
Fear,thriller,
Excitement,adventure,
Calmness,nature,
Happiness,comedy,
Love,romance,
Excitement,action,
Calmness,nature,
Love,drama,
Calmness,nature,
Calmness,nature,
Fear,horror,
Calmness,nature,
Fear,thriller,
Sadness,drama,
Boredom,slice of life,
Happiness,comedy,
Calmness,nature,
Fear,thriller,
Fear,thriller,
Calmness,nature,
Sadness,documentary,
Fear,horror,
Fear,thriller,
Happiness,comedy,
Sadness,documentary,
Anger,action,
Love,romance,
Calmness,nature,
Happiness,romance,
Happiness,animation,
Sadness,romance,
Calmness,nature,
Excitement,sci-fi,
Boredom,slice of life,
Fear,thriller,
Happiness,comedy,
Happiness,comedy,
Calmness,relaxation,
Surprise,thriller,
Love,romance,
Anger,thriller,
Anxiety,psychological,
Anxiety,suspense,
Anger,action,
Anxiety,suspense,
Happiness,comedy,
Happiness,comedy,
Fear,horror,
Calmness,relaxation,
Happiness,animation,
Anger,action,
Happiness,comedy,
Happiness,comedy,
Anger,thriller,
Anxiety,suspense,
Anger,thriller,
Excitement,adventure,
Anger,thriller,
Boredom,indie,
Fear,horror,
Sadness,drama,
Calmness,relaxation,
Anxiety,mystery,
Calmness,relaxation,
Happiness,animation,
Happiness,comedy,
Anxiety,suspense,
Excitement,sci-fi,
Anxiety,mystery,
Happiness,comedy,
Happiness,comedy,
Fear,thriller,
Calmness,nature,
Anxiety,psychological,
Calmness,relaxation,
Anger,action,
Surprise,thriller,
Happiness,comedy,
Calmness,nature,
Fear,thriller,
Anxiety,suspense,
Anger,thriller,
Calmness,relaxation,
Fear,thriller,
Calmness,relaxation,
Anxiety,suspense,
Boredom,slice of life,
Happiness,animation,
Excitement,action,
Excitement,sci-fi,
Boredom,indie,
Love,romance,
Happiness,comedy,
Happiness,comedy,
Excitement,action,
Love,romance,
Love,romance,
Sadness,romance,
Anger,thriller,
Happiness,comedy,
Happiness,comedy,
Sadness,drama,
Excitement,action,
Sadness,romance,
Fear,thriller,
Fear,horror,
Surprise,mystery,
Anger,thriller,
Excitement,adventure,
Happiness,romance,
Fear,thriller,
Happiness,comedy,
Excitement,action,
Anxiety,mystery,
Sadness,romance,
Surprise,thriller,
Excitement,action,
Sadness,drama,
Surprise,thriller,
Surprise,thriller,
Anxiety,psychological,
Calmness,nature,
Love,romance,
Love,comedy,
Fear,horror,
Happiness,comedy,
Love,romance,
Fear,thriller,
Boredom,slice of life,
Happiness,animation,
Sadness,documentary,
Sadness,documentary,
Sadness,drama,
Love,romance,
Sadness,drama,
Happiness,animation,
Fear,horror,
Happiness,comedy,
Happiness,comedy,
Happiness,animation,
Happiness,animation,
Calmness,nature,
Calmness,relaxation,
Boredom,slice of life,
Anger,thriller,
Happiness,animation,
Anxiety,suspense,
Happiness,romance,
Sadness,romance,
Happiness,comedy,
Happiness,comedy,
Happiness,romance,
Anxiety,psychological,
Love,drama,
Fear,horror,
Excitement,action,
Excitement,adventure,
Happiness,comedy,
Excitement,sci-fi,
Calmness,nature,
Love,romance,
Boredom,slice of life,
Fear,horror,
Fear,thriller,
Excitement,sci-fi,
Happiness,comedy,
Sadness,drama,
Fear,thriller,
Sadness,romance,
Happiness,comedy,
Fear,horror,
Happiness,animation,
Surprise,sci-fi,
Anxiety,suspense,
Surprise,thriller,
Anxiety,suspense,
Calmness,nature,
Calmness,nature,
Anger,thriller,
Sadness,drama,
Calmness,relaxation,
Anger,thriller,
Anxiety,psychological,
Surprise,thriller,
Anxiety,mystery,
Love,romance,
Happiness,animation,
Sadness,drama,
Fear,horror,
Sadness,romance,
Love,romance,
Boredom,slice of life,
Anxiety,mystery,
Excitement,adventure,
Happiness,animation,
Surprise,thriller,
Fear,thriller,
Love,comedy,
Surprise,thriller,
Surprise,thriller,
Calmness,nature,
Sadness,drama,
Fear,horror,
Anger,thriller,
Fear,thriller,
Fear,thriller,
Happiness,animation,
Excitement,adventure,
Calmness,nature,
Happiness,comedy,
Love,romance,
Love,romance,
Boredom,slice of life,
Happiness,animation,
Anxiety,mystery,
Fear,horror,
Anxiety,psychological,
Sadness,documentary,
Anxiety,suspense,
Sadness,drama,
Anxiety,mystery,
Sadness,romance,
Calmness,nature,
Sadness,romance,
Excitement,action,
Calmness,relaxation,
Sadness,drama,
Anger,action,
Fear,thriller,
Fear,thriller,
Happiness,animation,
Happiness,comedy,
Love,drama,
Love,comedy,
Calmness,nature,
Happiness,comedy,
Happiness,animation,
Happiness,romance,
Sadness,drama,
Excitement,sci-fi,
Surprise,thriller,
Sadness,drama,
Excitement,action,
Sadness,drama,
Sadness,drama,
Love,romance,
Fear,thriller,
Happiness,animation,
Anxiety,psychological,
Sadness,romance,
Anger,thriller,
Happiness,comedy,
Sadness,drama,
Sadness,romance,
Sadness,drama,
Sadness,romance,
Sadness,documentary,
Calmness,nature,
Sadness,documentary,
Calmness,nature,
Happiness,comedy,
Surprise,thriller,
Boredom,slice of life,
Excitement,adventure,
Happiness,animation,
Happiness,romance,